{"RuleTriggered": 0, "Violations": 0, "Details": {"pin_memory": false, "num_workers": 0, "cores": 8, "dataloaders": 1, "dataloading_time": {"p25": 0.34281175, "p50": 0.41491500000000003, "p95": 0.5513380499999999, "probs": [1, 0, 0, 0, 1, 0, 0, 0, 0, 0, 1, 0, 0, 0, 0, 0, 0, 0, 0, 0, 0, 1, 0, 0, 1, 0, 0, 0, 0, 0, 0, 0, 0, 0, 0, 0, 0, 0, 0, 0, 0, 0, 0, 0, 0, 0, 0, 0, 0, 0, 0, 0, 0, 0, 1, 0, 0, 0, 0, 0, 0, 0, 1, 0, 1, 0, 0, 0, 0, 0, 0, 0, 0, 1, 0, 0, 0, 0, 0, 0, 0, 0, 0, 0, 0, 0, 0, 0, 0, 0, 0, 0, 0, 0, 0, 0, 0, 0, 0, 1], "binedges": [0.305474, 0.30826002, 0.31104604, 0.31383206, 0.31661808, 0.3194041, 0.32219012, 0.32497614, 0.32776216, 0.33054818, 0.3333342, 0.33612022, 0.33890624, 0.34169226, 0.34447828, 0.3472643, 0.35005032, 0.35283634, 0.35562236, 0.35840838, 0.3611944, 0.36398042, 0.36676644, 0.36955246, 0.37233848, 0.3751245, 0.37791052, 0.38069654, 0.38348256000000003, 0.38626858000000003, 0.38905460000000003, 0.39184062000000003, 0.39462664000000003, 0.39741266000000003, 0.40019868000000003, 0.40298470000000003, 0.40577072000000003, 0.40855674000000003, 0.41134276000000003, 0.41412878000000003, 0.41691480000000003, 0.41970082000000003, 0.42248684000000003, 0.42527286000000003, 0.42805888000000003, 0.43084490000000003, 0.43363092000000003, 0.43641694000000003, 0.43920296000000003, 0.44198898000000003, 0.44477500000000003, 0.44756102000000003, 0.45034704000000003, 0.45313306000000003, 0.45591908000000003, 0.45870510000000003, 0.46149112000000003, 0.46427714000000003, 0.46706316000000003, 0.46984918000000003, 0.47263520000000003, 0.47542122000000003, 0.47820724000000003, 0.48099326000000003, 0.48377928000000003, 0.48656530000000003, 0.48935132000000003, 0.49213734000000003, 0.49492336000000003, 0.49770938000000003, 0.5004954, 0.50328142, 0.50606744, 0.5088534600000001, 0.51163948, 0.5144255, 0.51721152, 0.5199975400000001, 0.52278356, 0.52556958, 0.5283556, 0.5311416200000001, 0.53392764, 0.53671366, 0.53949968, 0.5422857000000001, 0.54507172, 0.54785774, 0.55064376, 0.5534297800000001, 0.5562158, 0.55900182, 0.56178784, 0.5645738600000001, 0.56735988, 0.5701459, 0.57293192, 0.5757179400000001, 0.57850396, 0.58128998, 0.584076]}}, "Datapoints": 10, "RuleParameters": "min_threshold:70\nmax_threshold:200"}