{"RuleTriggered": 0, "Violations": 0, "Details": {"step_num": {"first": 1641574931617666, "last": 1641575872217940}, "job_start": 1641574715.757596, "job_end": 1641575879.75779}, "Datapoints": 850, "RuleParameters": "threshold:20"}