{"RuleTriggered": 0, "Violations": 0, "Details": {"ratio": {"cpu_functions": 100.0}, "phase": {"Step:ModeKeys.TRAIN": 68.77546075271448, "others": 16.865115275581623, "Step:ModeKeys.EVAL": 14.359423971703897}, "phase_time": {}, "CPU": {"aten::conv2d": 16.24857056094834, "aten::convolution": 16.24414486644752, "aten::_convolution": 16.239695063105064, "aten::mkldnn_convolution": 16.225029999148273, "aten::batch_norm": 5.278069485194606, "aten::_batch_norm_impl_index": 5.269583172937783, "aten::native_batch_norm": 5.262474508774603, "aten::max_pool2d": 2.621888190011838, "aten::max_pool2d_with_indices": 2.52252187713783, "enumerate(DataLoader)#_SingleProcessDataLoaderIter.__next__": 14.088022276294145}, "CPU_total": {"aten::conv2d": 4717771, "aten::convolution": 4716486, "aten::_convolution": 4715194, "aten::mkldnn_convolution": 4710936, "aten::batch_norm": 1532487, "aten::_batch_norm_impl_index": 1530023, "aten::native_batch_norm": 1527959, "aten::max_pool2d": 761265, "aten::max_pool2d_with_indices": 732414, "enumerate(DataLoader)#_SingleProcessDataLoaderIter.__next__": 4090456}, "general": {"DataLoaderIterInitialize": 0.0006782311728596574, "DataLoaderIter": 0.6365986776421306, "Forward": 99.36272309118502}}, "Datapoints": 0, "RuleParameters": ""}