{"RuleTriggered": 0, "Violations": 0, "Details": {"step_details": {"algo-1-36": {"step_stats": {"mean": 0.6444364047337277, "max": 2.922255, "p99": 2.169361399999939, "p95": 0.76472, "p50": 0.607603, "min": 0.421084}, "number_of_outliers": 10, "phase": "Step:ModeKeys.TRAIN", "stddev": 0.24, "probs": [1, 0, 2, 0, 0, 0, 0, 1, 0, 0, 0, 0, 0, 0, 0, 0, 2, 0, 31, 135, 104, 38, 23, 22, 10, 2, 14, 70, 68, 23, 11, 8, 5, 9, 11, 23, 42, 17, 13, 15, 14, 10, 26, 18, 7, 8, 8, 2, 4, 3, 2, 2, 0, 1, 0, 4, 0, 2, 1, 0, 1, 0, 1, 0, 0, 1, 1, 2, 6, 0, 0, 0, 0, 0, 0, 1, 0, 3, 1, 0, 0, 1, 0, 1, 0, 1, 0, 0, 0, 0, 1, 0, 0, 0, 0, 0, 1, 0, 0, 1], "binedges": [0.421084, 0.42782208, 0.43456016000000003, 0.44129824, 0.44803632, 0.4547744, 0.46151248, 0.46825056, 0.47498864, 0.48172672, 0.48846480000000003, 0.49520288, 0.50194096, 0.50867904, 0.51541712, 0.5221552, 0.52889328, 0.53563136, 0.54236944, 0.54910752, 0.5558456, 0.56258368, 0.56932176, 0.57605984, 0.58279792, 0.5895360000000001, 0.59627408, 0.60301216, 0.60975024, 0.61648832, 0.6232264000000001, 0.6299644799999999, 0.63670256, 0.64344064, 0.65017872, 0.6569168, 0.66365488, 0.67039296, 0.67713104, 0.68386912, 0.6906072, 0.69734528, 0.70408336, 0.7108214399999999, 0.71755952, 0.7242976, 0.73103568, 0.7377737600000001, 0.7445118399999999, 0.75124992, 0.757988, 0.76472608, 0.7714641600000001, 0.7782022399999999, 0.78494032, 0.7916784, 0.79841648, 0.80515456, 0.8118926399999999, 0.81863072, 0.8253688, 0.83210688, 0.83884496, 0.84558304, 0.85232112, 0.8590591999999999, 0.86579728, 0.87253536, 0.87927344, 0.88601152, 0.8927495999999999, 0.89948768, 0.90622576, 0.91296384, 0.9197019200000001, 0.9264399999999999, 0.93317808, 0.93991616, 0.94665424, 0.95339232, 0.9601303999999999, 0.96686848, 0.97360656, 0.98034464, 0.98708272, 0.9938208, 1.0005588799999998, 1.0072969600000001, 1.01403504, 1.0207731199999999, 1.0275112, 1.03424928, 1.04098736, 1.04772544, 1.05446352, 1.0612016, 1.0679396799999998, 1.07467776, 1.08141584, 1.0881539199999999, 1.094892], "step_numbers": ["1", "2", "3", "4", "5", "6", "7", "8", "9", "10"]}}}, "Datapoints": 850, "RuleParameters": "threshold:3\nmode:None\nn_outliers:10\nstddev:3"}